{"version": "1", "message": "ERROR: Hidden Testcases server unreachable.", "problem_id": "ads2_m4_a1_1", "user_id": "Madhulika", "score": {"sample": {"0": {"execution_time": 4.265063285827637, "passed": true}, "1": {"execution_time": 0.4849207401275635, "passed": true}, "2": {"execution_time": 0.4566030502319336, "passed": true}, "3": {"execution_time": 0.36693787574768066, "passed": true}, "4": {"execution_time": 0.4981997013092041, "passed": true}, "5": {"execution_time": 0.2843184471130371, "passed": true}, "6": {"execution_time": 0.29178833961486816, "passed": true}, "7": {"execution_time": 0.2755734920501709, "passed": true}, "8": {"execution_time": 0.509174108505249, "passed": true}, "9": {"execution_time": 0.250338077545166, "passed": true}, "10": {"execution_time": 0.2524392604827881, "passed": true}, "11": {"execution_time": 0.24317622184753418, "passed": true}, "12": {"execution_time": 0.374906063079834, "passed": true}, "13": {"execution_time": 1.918236255645752, "passed": true}, "14": {"execution_time": 0.3200962543487549, "passed": true}}}, "check_style_score": "0/1"}