{"version": "1", "message": "ERROR: Hidden Testcases server unreachable.", "problem_id": "ads2_m2_a1_1", "user_id": "muralimandula", "score": {"sample": {"0": {"execution_time": 0.31807947158813477, "passed": true}, "1": {"execution_time": 0.19514822959899902, "passed": true}, "2": {"execution_time": 0.21393752098083496, "passed": true}, "3": {"execution_time": 0.2412395477294922, "passed": true}, "4": {"execution_time": 0.31699252128601074, "passed": true}, "5": {"execution_time": 0.23172998428344727, "passed": true}, "6": {"execution_time": 0.26009368896484375, "passed": true}, "7": {"execution_time": 0.20201992988586426, "passed": true}, "8": {"execution_time": 0.303818941116333, "passed": true}, "9": {"execution_time": 0.20453310012817383, "passed": true}, "10": {"execution_time": 0.3266763687133789, "passed": true}, "11": {"execution_time": 0.3013172149658203, "passed": true}, "12": {"execution_time": 0.507427453994751, "passed": true}, "13": {"execution_time": 0.21192073822021484, "passed": true}, "14": {"execution_time": 0.31114864349365234, "passed": true}, "15": {"execution_time": 0.3077085018157959, "passed": true}, "16": {"execution_time": 0.23995614051818848, "passed": true}, "17": {"execution_time": 0.6915137767791748, "passed": true}, "18": {"execution_time": 0.3447403907775879, "passed": true}, "19": {"execution_time": 0.27899909019470215, "passed": true}, "20": {"execution_time": 0.293853759765625, "passed": true}, "21": {"execution_time": 0.2042233943939209, "passed": true}, "22": {"execution_time": 0.7438020706176758, "passed": true}, "23": {"execution_time": 0.7218480110168457, "passed": true}}}, "check_style_score": "0/1"}