{"version": "1", "message": "ERROR: Hidden Testcases server unreachable.", "problem_id": "ads2_m16_a1_1", "user_id": "muralimandula", "score": {"sample": {"0": {"execution_time": 0.6843128204345703, "passed": true}, "1": {"execution_time": 0.49771952629089355, "passed": true}, "2": {"execution_time": 0.7533559799194336, "passed": true}, "3": {"execution_time": 0.8863885402679443, "passed": true}, "4": {"execution_time": 0.782376766204834, "passed": true}, "5": {"execution_time": 0.8151941299438477, "passed": true}, "6": {"execution_time": 0.8381664752960205, "passed": true}, "7": {"execution_time": 0.7719216346740723, "passed": true}, "8": {"execution_time": 0.9084067344665527, "passed": true}, "9": {"execution_time": 0.7952346801757812, "passed": true}, "10": {"execution_time": 0.9243514537811279, "passed": true}, "11": {"execution_time": 3.6761441230773926, "passed": true}, "12": {"execution_time": 1.1658415794372559, "passed": true}, "13": {"execution_time": 0.4558448791503906, "passed": true}, "14": {"execution_time": 0.788057804107666, "passed": true}, "15": {"execution_time": 1.1139698028564453, "passed": true}, "16": {"execution_time": 0.6669154167175293, "passed": true}, "17": {"execution_time": 0.6308572292327881, "passed": true}, "18": {"execution_time": 0.8440017700195312, "passed": true}, "19": {"execution_time": 0.6038589477539062, "passed": true}, "20": {"execution_time": 0.4022238254547119, "passed": true}, "21": {"execution_time": 0.5899257659912109, "passed": true}, "22": {"execution_time": 0.5852437019348145, "passed": true}, "23": {"execution_time": 0.5692794322967529, "passed": true}, "24": {"execution_time": 0.5828850269317627, "passed": true}, "25": {"execution_time": 0.8852472305297852, "passed": true}, "26": {"execution_time": 0.7466106414794922, "passed": true}, "27": {"execution_time": 1.2909867763519287, "passed": true}, "28": {"execution_time": 1.066502332687378, "passed": true}, "29": {"execution_time": 0.9027762413024902, "passed": true}}}, "check_style_score": "1/1"}