{"version": "1", "message": "ERROR: Hidden Testcases server unreachable.", "problem_id": "ads2_m16_a1_1", "user_id": "muralimandula", "score": {"sample": {"0": {"execution_time": 0.6201984882354736, "passed": true}, "1": {"execution_time": 0.5841610431671143, "passed": true}, "2": {"execution_time": 1.0704500675201416, "passed": true}, "3": {"execution_time": 0.851163387298584, "passed": true}, "4": {"execution_time": 0.9176857471466064, "passed": true}, "5": {"execution_time": 0.77516770362854, "passed": true}, "6": {"execution_time": 0.7321209907531738, "passed": true}, "7": {"execution_time": 0.6983203887939453, "passed": true}, "8": {"execution_time": 0.6514542102813721, "passed": true}, "9": {"execution_time": 0.841862678527832, "passed": true}, "10": {"execution_time": 1.0959911346435547, "passed": true}, "11": {"execution_time": 3.728895902633667, "passed": true}, "12": {"execution_time": 0.8734414577484131, "passed": true}, "13": {"execution_time": 0.5910301208496094, "passed": true}, "14": {"execution_time": 0.8289072513580322, "passed": true}, "15": {"execution_time": 0.7774012088775635, "passed": true}, "16": {"execution_time": 0.8808834552764893, "passed": true}, "17": {"execution_time": 0.4986588954925537, "passed": true}, "18": {"execution_time": 0.5193252563476562, "passed": true}, "19": {"execution_time": 0.7080540657043457, "passed": true}, "20": {"execution_time": 0.7016923427581787, "passed": true}, "21": {"execution_time": 0.47603702545166016, "passed": true}, "22": {"execution_time": 0.5242679119110107, "passed": true}, "23": {"execution_time": 0.4932115077972412, "passed": true}, "24": {"execution_time": 0.5957963466644287, "passed": true}, "25": {"execution_time": 0.8123152256011963, "passed": true}, "26": {"execution_time": 0.7413883209228516, "passed": true}, "27": {"execution_time": 0.8457942008972168, "passed": true}, "28": {"execution_time": 1.3211920261383057, "passed": true}, "29": {"execution_time": 0.9377014636993408, "passed": true}}}, "check_style_score": "1/1"}