{"version": "1", "message": "ERROR: Hidden Testcases server unreachable.", "problem_id": "ads2_m16_a1_1", "user_id": "muralimandula", "score": {"sample": {"0": {"execution_time": 0.522575855255127, "passed": true}, "1": {"execution_time": 0.5669231414794922, "passed": true}, "2": {"execution_time": 0.8291609287261963, "passed": true}, "3": {"execution_time": 0.6989231109619141, "passed": true}, "4": {"execution_time": 0.9918136596679688, "passed": true}, "5": {"execution_time": 0.7777643203735352, "passed": true}, "6": {"execution_time": 0.7599725723266602, "passed": true}, "7": {"execution_time": 1.1843376159667969, "passed": true}, "8": {"execution_time": 0.5768947601318359, "passed": true}, "9": {"execution_time": 0.7650704383850098, "passed": true}, "10": {"execution_time": 0.7219305038452148, "passed": true}, "11": {"execution_time": 3.8859639167785645, "passed": true}, "12": {"execution_time": 0.7432913780212402, "passed": true}, "13": {"execution_time": 0.588167667388916, "passed": true}, "14": {"execution_time": 1.0925416946411133, "passed": true}, "15": {"execution_time": 0.7968499660491943, "passed": true}, "16": {"execution_time": 0.5154106616973877, "passed": true}, "17": {"execution_time": 0.9366114139556885, "passed": true}, "18": {"execution_time": 0.42671847343444824, "passed": true}, "19": {"execution_time": 0.48121070861816406, "passed": true}, "20": {"execution_time": 0.9365458488464355, "passed": true}, "21": {"execution_time": 0.5893499851226807, "passed": true}, "22": {"execution_time": 0.483492374420166, "passed": true}, "23": {"execution_time": 0.8721776008605957, "passed": true}, "24": {"execution_time": 0.5229988098144531, "passed": true}, "25": {"execution_time": 0.9378361701965332, "passed": true}, "26": {"execution_time": 0.9625136852264404, "passed": true}, "27": {"execution_time": 0.7270452976226807, "passed": true}, "28": {"execution_time": 1.003694772720337, "passed": true}, "29": {"execution_time": 1.0833895206451416, "passed": true}}}, "check_style_score": "1/1"}